sasong,sasong_ar,avsnitt,datum,matchtyp,typ,ordning,resmal
1,1987,1,1987-09-05,,resa,1,Borlänge
1,1987,1,1987-09-05,,resa,2,Lycksele
1,1987,1,1987-09-05,,resa,3,Landskrona
1,1987,2,1987-09-12,,resa,1,Söderhamn
1,1987,2,1987-09-12,,resa,2,Norrköping
1,1987,2,1987-09-12,,resa,3,Göteborg
1,1987,3,1987-09-19,,resa,1,Halmstad
1,1987,3,1987-09-19,,resa,2,Västervik
1,1987,3,1987-09-19,,resa,3,Trollhättan
1,1987,4,1987-09-26,,resa,1,Kristianstad
1,1987,4,1987-09-26,,resa,2,Karlstad
1,1987,4,1987-09-26,,resa,3,Enköping
1,1987,5,1987-10-03,,resa,1,Umeå
1,1987,5,1987-10-03,,resa,2,Vetlanda
1,1987,5,1987-10-03,,resa,3,Kiruna
1,1987,6,1987-10-10,,resa,1,Västerås
1,1987,6,1987-10-10,,resa,2,Östersund
1,1987,6,1987-10-10,,resa,3,Skellefteå
2,1988,1,1988-11-11,,resa,1,Helsingborg
2,1988,1,1988-11-11,,resa,2,Arvika
2,1988,1,1988-11-11,,resa,3,Sundsvall
2,1988,2,1988-11-18,,resa,1,Arvidsjaur
2,1988,2,1988-11-18,,resa,2,Jönköping
2,1988,2,1988-11-18,,resa,3,Gävle
2,1988,3,1988-11-25,,resa,1,Varberg
2,1988,3,1988-11-25,,resa,2,Örebro
2,1988,3,1988-11-25,,resa,3,Haparanda
2,1988,4,1988-12-02,,resa,1,Stockholm
2,1988,4,1988-12-02,,resa,2,Borås
2,1988,4,1988-12-02,,resa,3,Luleå
2,1988,5,1988-12-09,,resa,1,Lund
2,1988,5,1988-12-09,,resa,2,Katrineholm
2,1988,5,1988-12-09,,resa,3,Härnösand
2,1988,6,1988-12-16,,resa,1,Uppsala
2,1988,6,1988-12-16,,resa,2,Kalmar
2,1988,6,1988-12-16,,resa,3,Strömstad
3,1990,5,1990-03-23,,resa,1,Hudiksvall
3,1990,5,1990-03-23,,resa,2,Värnamo
3,1990,5,1990-03-23,,resa,3,Linköping
3,1990,7,1990-04-06,,resa,1,Lidköping
3,1990,7,1990-04-06,,resa,2,Boden
3,1990,7,1990-04-06,,resa,3,Falun
4,1991,1,1991-09-20,,resa,1,Borgholm
4,1991,1,1991-09-20,,resa,2,Arboga
4,1991,1,1991-09-20,,resa,3,Roskilde
4,1991,4,1991-10-11,,resa,1,Oslo
4,1991,4,1991-10-11,,resa,2,Östersund
4,1991,4,1991-10-11,,resa,3,Växjö
4,1991,5,1991-10-18,,resa,1,Sala
4,1991,5,1991-10-18,,resa,2,Helsingör
4,1991,5,1991-10-18,,resa,3,Jokkmokk
4,1991,7,1991-11-01,,resa,1,Ludvika
4,1991,7,1991-11-01,,resa,2,Tammerfors
4,1991,7,1991-11-01,,resa,3,Norrköping
5,1993,1,1993-09-03,,resa,1,Marstrand
5,1993,1,1993-09-03,,resa,2,Gällivare
5,1993,1,1993-09-03,,resa,3,Köpenhamn
5,1993,2,1993-09-10,,resa,1,Askersund
5,1993,2,1993-09-10,,resa,2,Fredrikshamn
5,1993,2,1993-09-10,,resa,3,Karlshamn
5,1993,3,1993-09-17,,resa,1,Helsingfors
5,1993,3,1993-09-17,,resa,2,Höganäs
5,1993,3,1993-09-17,,resa,3,Alingsås
5,1993,4,1993-09-24,,resa,1,Bollnäs
5,1993,4,1993-09-24,,resa,2,Falkenberg
5,1993,4,1993-09-24,,resa,3,Bergen
5,1993,5,1993-10-01,,resa,1,Odense
5,1993,5,1993-10-01,,resa,2,Ulricehamn
5,1993,5,1993-10-01,,resa,3,Karlskoga
5,1993,6,1993-10-08,,resa,1,Solna
5,1993,6,1993-10-08,,resa,2,Skövde
5,1993,6,1993-10-08,,resa,3,Åbo
5,1993,7,1993-10-15,,resa,1,Leksand
5,1993,7,1993-10-15,,resa,2,Norrtälje
5,1993,7,1993-10-15,,resa,3,Sunne
5,1993,7,1993-10-15,,resa,4,Vadstena
6,1995,3,1995-01-27,,resa,1,Sollefteå
6,1995,3,1995-01-27,,resa,2,München
6,1995,3,1995-01-27,,resa,3,Edinburgh
6,1995,8,1995-03-10,,resa,1,Milano
6,1995,8,1995-03-10,,resa,2,Mora
6,1995,8,1995-03-10,,resa,3,Salzburg
7,1996,1,1996-08-30,,resa,1,Uppsala
7,1996,8,1996-10-18,,resa,1,Linköping
7,1996,8,1996-10-18,,resa,2,Madrid
7,1996,8,1996-10-18,,resa,3,Wien
8,1997,1,1997-09-05,,resa,1,London
8,1997,1,1997-09-05,,resa,2,Umeå
8,1997,1,1997-09-05,,resa,3,Kivik
8,1997,1,1997-09-05,,tintin_haddock,1,New York
8,1997,2,1997-09-12,,resa,1,Mariehamn
8,1997,2,1997-09-12,,resa,2,Malmö
8,1997,2,1997-09-12,,resa,3,San Marino
8,1997,2,1997-09-12,,tintin_haddock,1,Västerås
8,1997,3,1997-09-19,,resa,1,Säffle
8,1997,3,1997-09-19,,resa,2,Narvik
8,1997,3,1997-09-19,,resa,3,Monaco
8,1997,3,1997-09-19,,tintin_haddock,1,Sundsvall
8,1997,4,1997-09-26,,resa,1,Belfast
8,1997,4,1997-09-26,,resa,2,Falköping
8,1997,4,1997-09-26,,resa,3,Palma de Mallorca
8,1997,4,1997-09-26,,tintin_haddock,1,Rio de Janeiro
8,1997,5,1997-10-03,,resa,1,Sevilla
8,1997,5,1997-10-03,,resa,2,Kumla
8,1997,5,1997-10-03,,resa,3,Kraków
8,1997,5,1997-10-03,,tintin_haddock,1,Singapore
8,1997,6,1997-10-10,,resa,1,Brighton
8,1997,6,1997-10-10,,resa,2,Vaxholm
8,1997,6,1997-10-10,,resa,3,Strömstad
8,1997,6,1997-10-10,,tintin_haddock,1,Kapstaden
8,1997,7,1997-10-17,,resa,1,Kramfors
8,1997,7,1997-10-17,,resa,2,Innsbruck
8,1997,7,1997-10-17,,resa,3,Stockholm
8,1997,7,1997-10-17,,tintin_haddock,1,Sydney
8,1997,8,1997-10-31,,resa,1,Köpenhamn
8,1997,8,1997-10-31,,resa,2,Vilhelmina
8,1997,8,1997-10-31,,resa,3,Istanbul
8,1997,8,1997-10-31,,tintin_haddock,1,Bergen
8,1997,9,1997-11-07,,resa,1,Laholm
8,1997,9,1997-11-07,,resa,2,Hamburg
8,1997,9,1997-11-07,,resa,3,Rom
8,1997,9,1997-11-07,,tintin_haddock,1,Jerusalem
9,1998,1,1998-09-25,,resa,1,Nice
9,1998,1,1998-09-25,,resa,2,Båstad
9,1998,1,1998-09-25,,resa,3,Prag
9,1998,1,1998-09-25,,tintin_haddock,1,San Francisco
9,1998,2,1998-10-02,,resa,1,Malaga
9,1998,2,1998-10-02,,resa,2,Sarajevo
9,1998,2,1998-10-02,,resa,3,Örebro
9,1998,2,1998-10-02,,tintin_haddock,1,Kristianstad
9,1998,3,1998-10-09,,resa,1,Bologna
9,1998,3,1998-10-09,,resa,2,Skellefteå
9,1998,3,1998-10-09,,resa,3,Glasgow
9,1998,3,1998-10-09,,tintin_haddock,1,Tokyo
9,1998,4,1998-10-16,,resa,1,Zürich
9,1998,4,1998-10-16,,resa,2,Lysekil
9,1998,4,1998-10-16,,resa,3,Rovaniemi
9,1998,4,1998-10-16,,tintin_haddock,1,Helsingör
9,1998,5,1998-11-06,,resa,1,Palermo
9,1998,5,1998-11-06,,resa,2,Södertälje
9,1998,5,1998-11-06,,resa,3,Frankfurt am Main
9,1998,5,1998-11-06,,tintin_haddock,1,Buenos Aires
9,1998,6,1998-11-13,,resa,1,Trollhättan
9,1998,6,1998-11-13,,resa,2,Bilbao
9,1998,6,1998-11-13,,resa,3,Lillehammer
9,1998,6,1998-11-13,,tintin_haddock,1,Kairo
9,1998,7,1998-11-20,,resa,1,Hagfors
9,1998,7,1998-11-20,,resa,2,Cypern
9,1998,7,1998-11-20,,resa,3,Birmingham
9,1998,7,1998-11-20,,tintin_haddock,1,Kiruna
9,1998,8,1998-11-27,,resa,1,Fagersta
9,1998,8,1998-11-27,,resa,2,Reykjavik
9,1998,8,1998-11-27,,resa,3,Halden
9,1998,8,1998-11-27,,tintin_haddock,1,Bordeaux
9,1998,9,1998-12-04,,resa,1,Kreta
9,1998,9,1998-12-04,,resa,2,Hjo
9,1998,9,1998-12-04,,resa,3,Antwerpen
9,1998,9,1998-12-04,,tintin_haddock,1,Calcutta
10,1999,1,1999-09-24,,resa,1,Cardiff
10,1999,1,1999-09-24,,resa,2,Nairobi
10,1999,1,1999-09-24,,resa,3,Sundsvall
10,1999,2,1999-10-01,,resa,1,Kairo
10,1999,2,1999-10-01,,resa,2,Trelleborg
10,1999,2,1999-10-01,,resa,3,Kalix
10,1999,3,1999-10-08,,resa,1,Malung
10,1999,3,1999-10-08,,resa,2,Lübeck
10,1999,3,1999-10-08,,resa,3,Jerusalem
10,1999,4,1999-10-15,,resa,1,Luxemburg
10,1999,4,1999-10-15,,resa,2,Lund
10,1999,4,1999-10-15,,resa,3,Bukarest
10,1999,5,1999-10-22,,resa,1,Oslo
10,1999,5,1999-10-22,,resa,2,Borås
10,1999,5,1999-10-22,,resa,3,Moskva
10,1999,6,1999-10-29,,resa,1,Köping
10,1999,6,1999-10-29,,resa,2,Bordeaux
10,1999,6,1999-10-29,,resa,3,Sölvesborg
10,1999,7,1999-11-05,,resa,1,Havanna
10,1999,7,1999-11-05,,resa,2,Mölndal
10,1999,7,1999-11-05,,resa,3,Helsingfors
10,1999,8,1999-11-12,,resa,1,Montreal
10,1999,8,1999-11-12,,resa,2,Rotterdam
10,1999,8,1999-11-12,,resa,3,Visby
10,1999,9,1999-11-19,,resa,1,New York
10,1999,9,1999-11-19,,resa,2,Torshamn
10,1999,9,1999-11-19,,resa,3,Karlstad
11,2000–2001,1,2000-12-22,,resa,1,Neapel
11,2000–2001,1,2000-12-22,,resa,2,Mexico City
11,2000–2001,1,2000-12-22,,resa,3,Älmhult
11,2000–2001,2,2000-12-29,,resa,1,Bangkok
11,2000–2001,2,2000-12-29,,resa,2,Finspång
11,2000–2001,2,2000-12-29,,resa,3,Roskilde
11,2000–2001,3,2001-01-05,,resa,1,Berlin
11,2000–2001,3,2001-01-05,,resa,2,Helsingborg
11,2000–2001,3,2001-01-05,,resa,3,Kapstaden
11,2000–2001,4,2001-01-12,,resa,1,Västerås
11,2000–2001,4,2001-01-12,,resa,2,Lima
11,2000–2001,4,2001-01-12,,resa,3,Trondheim
11,2000–2001,5,2001-01-19,,resa,1,Gävle
11,2000–2001,5,2001-01-19,,resa,2,Plymouth
11,2000–2001,5,2001-01-19,,resa,3,Bombay (Mumbai)
11,2000–2001,6,2001-01-26,,resa,1,Marrakech
11,2000–2001,6,2001-01-26,,resa,2,Kalmar
11,2000–2001,6,2001-01-26,,resa,3,Tallinn
11,2000–2001,7,2001-02-02,,resa,1,Ljusdal
11,2000–2001,7,2001-02-02,,resa,2,Budapest
11,2000–2001,7,2001-02-02,,resa,3,Tokyo
11,2000–2001,8,2001-02-09,,resa,1,Sandviken
11,2000–2001,8,2001-02-09,,resa,2,Buenos Aires
11,2000–2001,8,2001-02-09,,resa,3,Las Palmas
11,2000–2001,9,2001-02-16,,resa,1,Chicago
11,2000–2001,9,2001-02-16,,resa,2,Kiruna
11,2000–2001,9,2001-02-16,,resa,3,Paris
12,2001,1,2001-10-19,,resa,1,San Francisco
12,2001,1,2001-10-19,,resa,2,Piteå
12,2001,1,2001-10-19,,resa,3,Vaduz
12,2001,2,2001-10-26,,resa,1,Singapore
12,2001,2,2001-10-26,,resa,2,Nürnberg
12,2001,2,2001-10-26,,resa,3,Rättvik
12,2001,3,2001-11-02,,resa,1,Verona
12,2001,3,2001-11-02,,resa,2,Oakland
12,2001,3,2001-11-02,,resa,3,Mjölby
12,2001,4,2001-11-09,,resa,1,Hässleholm
12,2001,4,2001-11-09,,resa,2,Basel
12,2001,4,2001-11-09,,resa,3,Vancouver
12,2001,5,2001-11-23,,resa,1,Huskvarna
12,2001,5,2001-11-23,,resa,2,Saigon
12,2001,5,2001-11-23,,resa,3,Bratislava
12,2001,6,2001-11-30,,resa,1,Melbourne
12,2001,6,2001-11-30,,resa,2,Filipstad
12,2001,6,2001-11-30,,resa,3,Sofia
12,2001,7,2001-12-07,,resa,1,Addis Abeba
12,2001,7,2001-12-07,,resa,2,Tromsø
12,2001,7,2001-12-07,,resa,3,Kungsbacka
12,2001,8,2001-12-14,,resa,1,Aberdeen
12,2001,8,2001-12-14,,resa,2,Örnsköldsvik
12,2001,8,2001-12-14,,resa,3,Boston
12,2001,9,2001-12-21,,resa,1,Peking
12,2001,9,2001-12-21,,resa,2,Thessaloniki
12,2001,9,2001-12-21,,resa,3,Torsby
13,2002–2003,1,2002-11-15,,resa,1,Rio de Janeiro
13,2002–2003,1,2002-11-15,,resa,2,Sveg
13,2002–2003,1,2002-11-15,,resa,3,Atlanta
13,2002–2003,2,2002-11-22,,resa,1,Santiago de Chile
13,2002–2003,2,2002-11-22,,resa,2,Borlänge
13,2002–2003,2,2002-11-22,,resa,3,Gdansk
13,2002–2003,3,2002-11-29,,resa,1,Varberg
13,2002–2003,3,2002-11-29,,resa,2,Ålborg (Aalborg)
13,2002–2003,3,2002-11-29,,resa,3,Ankara
13,2002–2003,4,2002-12-06,,resa,1,Lyon
13,2002–2003,4,2002-12-06,,resa,2,Madeira
13,2002–2003,4,2002-12-06,,resa,3,Eskilstuna
13,2002–2003,5,2002-12-13,,resa,1,Washington
13,2002–2003,5,2002-12-13,,resa,2,Lidingö
13,2002–2003,5,2002-12-13,,resa,3,Köln
13,2002–2003,6,2002-12-20,,resa,1,New Orleans
13,2002–2003,6,2002-12-20,,resa,2,Pajala
13,2002–2003,6,2002-12-20,,resa,3,Skara
13,2002–2003,7,2002-12-27,,resa,1,Hong Kong
13,2002–2003,7,2002-12-27,,resa,2,Kristianstad
13,2002–2003,7,2002-12-27,,resa,3,Valencia
13,2002–2003,8,2003-01-03,,resa,1,Newcastle
13,2002–2003,8,2003-01-03,,resa,2,Hultsfred
13,2002–2003,8,2003-01-03,,resa,3,Jakarta
13,2002–2003,9,2003-01-10,,resa,1,Milano
13,2002–2003,9,2003-01-10,,resa,2,Nässjö
13,2002–2003,9,2003-01-10,,resa,3,Seoul (Söul)
14,2003–2004,1,2003-11-14,,resa,1,Los Angeles
14,2003–2004,1,2003-11-14,,resa,2,Florens
14,2003–2004,1,2003-11-14,,resa,3,Hedemora
14,2003–2004,2,2003-11-21,,resa,1,Toronto
14,2003–2004,2,2003-11-21,,resa,2,Aten
14,2003–2004,2,2003-11-21,,resa,3,Åre
14,2003–2004,3,2003-11-28,,resa,1,Shanghai
14,2003–2004,3,2003-11-28,,resa,2,Ängelholm
14,2003–2004,3,2003-11-28,,resa,3,Porto
14,2003–2004,4,2003-12-05,,resa,1,Haag
14,2003–2004,4,2003-12-05,,resa,2,Tunis
14,2003–2004,4,2003-12-05,,resa,3,Ljungby
14,2003–2004,5,2003-12-12,,resa,1,New Delhi
14,2003–2004,5,2003-12-12,,resa,2,Haparanda
14,2003–2004,5,2003-12-12,,resa,3,Stuttgart
14,2003–2004,6,2003-12-19,,resa,1,Dar es Salaam
14,2003–2004,6,2003-12-19,,resa,2,Odessa
14,2003–2004,6,2003-12-19,,resa,3,Emmaboda
14,2003–2004,7,2003-12-26,,resa,1,Dover
14,2003–2004,7,2003-12-26,,resa,2,Alexandria
14,2003–2004,7,2003-12-26,,resa,3,Trosa
14,2003–2004,8,2004-01-02,,resa,1,Kingston
14,2003–2004,8,2004-01-02,,resa,2,Stavanger
14,2003–2004,8,2004-01-02,,resa,3,Motala
14,2003–2004,9,2004-01-09,,resa,1,Dallas
14,2003–2004,9,2004-01-09,,resa,2,Granada
14,2003–2004,9,2004-01-09,,resa,3,Göteborg
15,2004–2005,1,2004-11-19,,resa,1,Kuala Lumpur
15,2004–2005,1,2004-11-19,,resa,2,London
15,2004–2005,1,2004-11-19,,resa,3,Söderhamn
15,2004–2005,2,2004-11-26,,resa,1,Miami
15,2004–2005,2,2004-11-26,,resa,2,Turin
15,2004–2005,2,2004-11-26,,resa,3,Lidköping
15,2004–2005,3,2004-12-03,,resa,1,Honolulu
15,2004–2005,3,2004-12-03,,resa,2,Gibraltar
15,2004–2005,3,2004-12-03,,resa,3,Arvidsjaur
15,2004–2005,4,2004-12-10,,resa,1,Detroit
15,2004–2005,4,2004-12-10,,resa,2,York
15,2004–2005,4,2004-12-10,,resa,3,Eslöv
15,2004–2005,5,2004-12-17,,resa,1,Dubai
15,2004–2005,5,2004-12-17,,resa,2,Västervik
15,2004–2005,5,2004-12-17,,resa,3,Zagreb
15,2004–2005,6,2004-12-31,,resa,1,Sydney
15,2004–2005,6,2004-12-31,,resa,2,Hammerfest
15,2004–2005,6,2004-12-31,,resa,3,Mariefred
15,2004–2005,7,2005-01-07,,resa,1,Osby
15,2004–2005,7,2005-01-07,,resa,2,Leipzig
15,2004–2005,8,2005-01-14,,resa,1,Phnom Penh
15,2004–2005,8,2005-01-14,,resa,2,Vilnius
15,2004–2005,8,2005-01-14,,resa,3,Nora
15,2004–2005,9,2005-01-21,,resa,1,Cannes
15,2004–2005,9,2005-01-21,,resa,2,Härnösand
15,2004–2005,9,2005-01-21,,resa,3,Beirut
16,2005–2006,1,2005-11-12,,resa,1,Istanbul
16,2005–2006,1,2005-11-12,,resa,2,Ystad
16,2005–2006,1,2005-11-12,,resa,3,Philadelphia
16,2005–2006,2,2005-11-19,,resa,1,Borgholm
16,2005–2006,2,2005-11-19,,resa,2,Arvika
16,2005–2006,2,2005-11-19,,resa,3,Madrid
16,2005–2006,3,2005-12-03,,resa,1,Hudiksvall
16,2005–2006,3,2005-12-03,,resa,2,Manila
16,2005–2006,3,2005-12-03,,resa,3,Bern
16,2005–2006,4,2005-12-10,,resa,1,Åmål
16,2005–2006,4,2005-12-10,,resa,2,Kyoto
16,2005–2006,4,2005-12-10,,resa,3,Växjö
16,2005–2006,5,2005-12-17,,resa,1,Calcutta
16,2005–2006,5,2005-12-17,,resa,2,Skövde
16,2005–2006,5,2005-12-17,,resa,3,Bergen
16,2005–2006,6,2005-12-24,,resa,1,Odense
16,2005–2006,6,2005-12-24,,resa,2,Vänersborg
16,2005–2006,6,2005-12-24,,resa,3,Las Vegas
16,2005–2006,7,2005-12-31,,resa,1,Alger
16,2005–2006,7,2005-12-31,,resa,2,Vadstena
16,2005–2006,7,2005-12-31,,resa,3,Wien
16,2005–2006,8,2006-01-07,,resa,1,Landskrona
16,2005–2006,8,2006-01-07,,resa,2,Boden
16,2005–2006,8,2006-01-07,,resa,3,Marseille
16,2005–2006,9,2006-01-14,,resa,1,Sigtuna
16,2005–2006,9,2006-01-14,,resa,2,München
16,2005–2006,9,2006-01-14,,resa,3,Halmstad
16,2005–2006,10,2006-01-21,,resa,1,Jokkmokk
16,2005–2006,10,2006-01-21,,resa,2,Ljubljana
16,2005–2006,10,2006-01-21,,resa,3,Leksand
16,2005–2006,11,2006-01-28,,resa,1,Riga
16,2005–2006,11,2006-01-28,,resa,2,Karlskrona
16,2005–2006,11,2006-01-28,,resa,3,Seattle
16,2005–2006,12,2006-02-04,,resa,1,Bryssel
16,2005–2006,12,2006-02-04,,resa,2,Nyköping
16,2005–2006,12,2006-02-04,,resa,3,Ludvika
16,2005–2006,13,2006-02-11,,resa,1,Lycksele
16,2005–2006,13,2006-02-11,,resa,2,Damaskus
16,2005–2006,13,2006-02-11,,resa,3,Rom
17,2006–2007,1,2006-10-28,,resa,1,Sunne
17,2006–2007,1,2006-10-28,,resa,2,Salzburg
17,2006–2007,1,2006-10-28,,resa,3,Kairo
17,2006–2007,2,2006-11-04,,resa,1,Stockholm
17,2006–2007,2,2006-11-04,,resa,2,Avesta
17,2006–2007,2,2006-11-04,,resa,3,Dublin
17,2006–2007,3,2006-11-11,,resa,1,Simrishamn
17,2006–2007,3,2006-11-11,,resa,2,Warszawa
17,2006–2007,3,2006-11-11,,resa,3,Sandviken
17,2006–2007,4,2006-11-18,,resa,1,Mora
17,2006–2007,4,2006-11-18,,resa,2,Montreal
17,2006–2007,4,2006-11-18,,resa,3,Jerusalem
17,2006–2007,5,2006-12-02,,resa,1,Falkenberg
17,2006–2007,5,2006-12-02,,resa,2,Bodø
17,2006–2007,5,2006-12-02,,resa,3,Venedig
17,2006–2007,6,2006-12-09,,resa,1,Vimmerby
17,2006–2007,6,2006-12-09,,resa,2,Karlskoga
17,2006–2007,6,2006-12-09,,resa,3,Barcelona
17,2006–2007,7,2006-12-16,,resa,1,Havanna
17,2006–2007,7,2006-12-16,,resa,2,Norrtälje
17,2006–2007,7,2006-12-16,,resa,3,Hamburg
17,2006–2007,8,2006-12-23,,resa,1,Tranås
17,2006–2007,8,2006-12-23,,resa,2,Reykjavik
17,2006–2007,8,2006-12-23,,resa,3,Karlshamn
17,2006–2007,9,2006-12-30,,resa,1,New York
17,2006–2007,9,2006-12-30,,resa,2,Enköping
17,2006–2007,9,2006-12-30,,resa,3,Lissabon
17,2006–2007,10,2007-01-06,,resa,1,Vetlanda
17,2006–2007,10,2007-01-06,,resa,2,Monaco
17,2006–2007,10,2007-01-06,,resa,3,Monte Carlo
17,2006–2007,10,2007-01-06,,resa,4,Uddevalla
17,2006–2007,11,2007-01-13,,resa,1,Mariestad
17,2006–2007,11,2007-01-13,,resa,2,Sankt Petersburg
17,2006–2007,11,2007-01-13,,resa,3,Heraklion
17,2006–2007,12,2007-01-20,,resa,1,Palma de Mallorca
17,2006–2007,12,2007-01-20,,resa,2,Piteå
17,2006–2007,12,2007-01-20,,resa,3,Arboga
17,2006–2007,13,2007-01-27,,resa,1,Bollnäs
17,2006–2007,13,2007-01-27,,resa,2,Marstrand
17,2006–2007,13,2007-01-27,,resa,3,Liverpool
18,2007–2008,1,2007-11-30,,resa,1,Marrakech
18,2007–2008,1,2007-11-30,,resa,2,Amsterdam
18,2007–2008,1,2007-11-30,,resa,3,Gävle
18,2007–2008,2,2007-12-07,,resa,1,Kalmar
18,2007–2008,2,2007-12-07,,resa,2,San Francisco
18,2007–2008,2,2007-12-07,,resa,3,Umeå
18,2007–2008,3,2007-12-14,,resa,1,Linköping
18,2007–2008,3,2007-12-14,,resa,2,Luxemburg
18,2007–2008,3,2007-12-14,,resa,3,Washington
18,2007–2008,4,2007-12-21,,resa,1,Moskva
18,2007–2008,4,2007-12-21,,resa,2,Lund
18,2007–2008,4,2007-12-21,,resa,3,Oslo
18,2007–2008,5,2007-12-28,,resa,1,Köpenhamn
18,2007–2008,5,2007-12-28,,resa,2,Kingston
18,2007–2008,5,2007-12-28,,resa,3,Östersund
18,2007–2008,6,2008-01-04,,resa,1,Paris
18,2007–2008,6,2008-01-04,,resa,2,Örebro
18,2007–2008,6,2008-01-04,,resa,3,Milano
18,2007–2008,7,2008-01-11,,resa,1,Karlstad
18,2007–2008,7,2008-01-11,,resa,2,Helsingfors
18,2007–2008,7,2008-01-11,,resa,3,Nairobi
18,2007–2008,8,2008-01-18,,resa,1,Malmö
18,2007–2008,8,2008-01-18,,resa,2,Newcastle
18,2007–2008,8,2008-01-18,,resa,3,Rio de Janeiro
18,2007–2008,9,2008-01-25,,resa,1,Budapest
18,2007–2008,9,2008-01-25,,resa,2,Luleå
18,2007–2008,9,2008-01-25,,resa,3,Dubai
18,2007–2008,10,2008-02-01,,resa,1,Uppsala
18,2007–2008,10,2008-02-01,,resa,2,Visby
18,2007–2008,10,2008-02-01,,resa,3,Quebec
18,2007–2008,11,2008-02-08,,resa,1,Santiago de Chile
18,2007–2008,11,2008-02-08,,resa,2,Tallinn
18,2007–2008,11,2008-02-08,,resa,3,Jönköping
18,2007–2008,12,2008-02-15,,resa,1,Prag
18,2007–2008,12,2008-02-15,,resa,2,Skellefteå
18,2007–2008,12,2008-02-15,,resa,3,Valencia
18,2007–2008,13,2008-02-22,,resa,1,Mexico City
18,2007–2008,13,2008-02-22,,resa,2,Krakow
18,2007–2008,13,2008-02-22,,resa,3,Båstad
19,2008–2009,1,2008-11-28,,resa,1,Valletta
19,2008–2009,1,2008-11-28,,resa,2,Wellington
19,2008–2009,1,2008-11-28,,resa,3,Fjällbacka
19,2008–2009,2,2008-12-05,,resa,1,Trondheim
19,2008–2009,2,2008-12-05,,resa,2,Trollhättan
19,2008–2009,2,2008-12-05,,resa,3,Hanoi
19,2008–2009,3,2008-12-12,,resa,1,Skagen
19,2008–2009,3,2008-12-12,,resa,2,Sundsvall
19,2008–2009,3,2008-12-12,,resa,3,Calgary
19,2008–2009,4,2008-12-19,,resa,1,Melbourne
19,2008–2009,4,2008-12-19,,resa,2,Värnamo
19,2008–2009,4,2008-12-19,,resa,3,Dubrovnik
19,2008–2009,5,2008-12-26,,resa,1,Bangkok
19,2008–2009,5,2008-12-26,,resa,2,Falun
19,2008–2009,5,2008-12-26,,resa,3,Southampton
19,2008–2009,6,2009-01-02,,resa,1,Borås
19,2008–2009,6,2009-01-02,,resa,2,Åhus
19,2008–2009,6,2009-01-02,,resa,3,Sevilla
19,2008–2009,7,2009-01-09,,resa,1,Berlin
19,2008–2009,7,2009-01-09,,resa,2,Gränna
19,2008–2009,7,2009-01-09,,resa,3,Avignon
19,2008–2009,8,2009-01-16,,resa,1,Belgrad
19,2008–2009,8,2009-01-16,,resa,2,Maputo
19,2008–2009,8,2009-01-16,,resa,3,Västerås
19,2008–2009,9,2009-01-23,,resa,1,Abisko
19,2008–2009,9,2009-01-23,,resa,2,Oxford
19,2008–2009,9,2009-01-23,,resa,3,Capri
19,2008–2009,10,2009-01-30,,resa,1,Brisbane
19,2008–2009,10,2009-01-30,,resa,2,Genève
19,2008–2009,10,2009-01-30,,resa,3,Helsingborg
19,2008–2009,11,2009-02-06,,resa,1,Salt Lake City
19,2008–2009,11,2009-02-06,,resa,2,Strasbourg
19,2008–2009,11,2009-02-06,,resa,3,Vaxholm
19,2008–2009,12,2009-02-13,,resa,1,Mariehamn
19,2008–2009,12,2009-02-13,,resa,2,Norrköping
19,2008–2009,12,2009-02-13,,resa,3,Johannesburg
19,2008–2009,13,2009-02-20,,resa,1,Minneapolis
19,2008–2009,13,2009-02-20,,resa,2,Gällivare
19,2008–2009,13,2009-02-20,,resa,3,Edinburgh
20,2009–2010,1,2009-12-04,,resa,1,Lyon
20,2009–2010,1,2009-12-04,,resa,2,Falköping
20,2009–2010,1,2009-12-04,,resa,3,Memphis
20,2009–2010,2,2009-12-11,,resa,1,Buenos Aires
20,2009–2010,2,2009-12-11,,resa,2,Kristinehamn
20,2009–2010,2,2009-12-11,,resa,3,Manchester
20,2009–2010,3,2009-12-18,,resa,1,Bordeaux
20,2009–2010,3,2009-12-18,,resa,2,Trelleborg
20,2009–2010,3,2009-12-18,,resa,3,Bombay
20,2009–2010,4,2009-12-25,,resa,1,Palermo
20,2009–2010,4,2009-12-25,,resa,2,Kalix
20,2009–2010,4,2009-12-25,,resa,3,Frankfurt am Main
20,2009–2010,5,2010-01-01,,resa,1,Bologna
20,2009–2010,5,2010-01-01,,resa,2,Eksjö
20,2009–2010,5,2010-01-01,,resa,3,Glasgow
20,2009–2010,6,2010-01-08,,resa,1,Tokyo
20,2009–2010,6,2010-01-08,,resa,2,Varberg
20,2009–2010,6,2010-01-08,,resa,3,Eskilstuna
20,2009–2010,7,2010-01-15,,resa,1,Kivik
20,2009–2010,7,2010-01-15,,resa,2,Málaga
20,2009–2010,7,2010-01-15,,resa,3,Chicago
20,2009–2010,8,2010-01-22,,resa,1,Lima
20,2009–2010,8,2010-01-22,,resa,2,Sala
20,2009–2010,8,2010-01-22,,resa,3,Thessaloniki
20,2009–2010,9,2010-01-29,,resa,1,Kiruna
20,2009–2010,9,2010-01-29,,resa,2,Århus
20,2009–2010,9,2010-01-29,,resa,3,Amman
20,2009–2010,10,2010-02-05,,resa,1,Jerusalem
20,2009–2010,10,2010-02-05,,resa,2,Örnsköldsvik
20,2009–2010,10,2010-02-05,,resa,3,Tromsø
20,2009–2010,11,2010-02-12,,resa,1,Orsa
20,2009–2010,11,2010-02-12,,resa,2,Bilbao
20,2009–2010,11,2010-02-12,,resa,3,Hannover
20,2009–2010,12,2010-03-05,,resa,1,Osaka
20,2009–2010,12,2010-03-05,,resa,2,Innsbruck
20,2009–2010,12,2010-03-05,,resa,3,Smögen
20,2009–2010,13,2010-03-12,,resa,1,Boston
20,2009–2010,13,2010-03-12,,resa,2,Kiev
20,2009–2010,13,2010-03-12,,resa,3,Göteborg
21,2010–2011,1,2010-11-26,,resa,1,Las Vegas
21,2010–2011,1,2010-11-26,,resa,2,Neapel
21,2010–2011,1,2010-11-26,,resa,3,Malmö
21,2010–2011,2,2010-12-03,,resa,1,Nice
21,2010–2011,2,2010-12-03,,resa,2,Ljusdal
21,2010–2011,2,2010-12-03,,resa,3,Istanbul
21,2010–2011,3,2010-12-17,,resa,1,Kapstaden
21,2010–2011,3,2010-12-17,,resa,2,Örebro
21,2010–2011,3,2010-12-17,,resa,3,Reykjavik
21,2010–2011,4,2011-01-07,,resa,1,Singapore
21,2010–2011,4,2011-01-07,,resa,2,Torsby
21,2010–2011,4,2011-01-07,,resa,3,Köln
21,2010–2011,5,2011-01-14,,resa,1,Miami
21,2010–2011,5,2011-01-14,,resa,2,Madrid
21,2010–2011,5,2011-01-14,,resa,3,Tomelilla
21,2010–2011,6,2011-01-21,,resa,1,Hongkong
21,2010–2011,6,2011-01-21,,resa,2,Lysekil
21,2010–2011,6,2011-01-21,,resa,3,Birmingham
21,2010–2011,7,2011-01-28,,resa,1,Vancouver
21,2010–2011,7,2011-01-28,,resa,2,Saigon
21,2010–2011,7,2011-01-28,,resa,3,Stockholm
21,2010–2011,8,2011-02-04,,resa,1,Seattle
21,2010–2011,8,2011-02-04,,resa,2,Ålborg
21,2010–2011,8,2011-02-04,,resa,3,Kristianstad
21,2010–2011,9,2011-02-11,,resa,1,Split
21,2010–2011,9,2011-02-11,,resa,2,Oskarshamn
21,2010–2011,9,2011-02-11,,resa,3,Brighton
21,2010–2011,10,2011-02-18,,resa,1,Bergen
21,2010–2011,10,2011-02-18,,resa,2,Haparanda
21,2010–2011,10,2011-02-18,,resa,3,Acapulco
21,2010–2011,11,2011-02-25,,resa,1,Panama City
21,2010–2011,11,2011-02-25,,resa,2,Södertälje
21,2010–2011,11,2011-02-25,,resa,3,Aten
21,2010–2011,12,2011-03-04,,resa,1,Nashville
21,2010–2011,12,2011-03-04,,resa,2,Åbo
21,2010–2011,12,2011-03-04,,resa,3,Malung
21,2010–2011,13,2011-03-11,,resa,1,Montevideo
21,2010–2011,13,2011-03-11,,resa,2,Motala
21,2010–2011,13,2011-03-11,,resa,3,London
22,2011–2012,1,2011-11-25,,resa,1,New Orleans
22,2011–2012,1,2011-11-25,,resa,2,Florens
22,2011–2012,1,2011-11-25,,resa,3,Uppsala
22,2011–2012,2,2011-12-02,,resa,1,Borgholm
22,2011–2012,2,2011-12-02,,resa,2,Peking
22,2011–2012,2,2011-12-02,,resa,3,Wien
22,2011–2012,3,2011-12-09,,resa,1,Skara
22,2011–2012,3,2011-12-09,,resa,2,München
22,2011–2012,3,2011-12-09,,resa,3,Melbourne
22,2011–2012,4,2011-12-16,,resa,1,Sigtuna
22,2011–2012,4,2011-12-16,,resa,2,Lübeck
22,2011–2012,4,2011-12-16,,resa,3,Dallas
22,2011–2012,5,2011-12-23,,resa,1,San Francisco
22,2011–2012,5,2011-12-23,,resa,2,Barcelona
22,2011–2012,5,2011-12-23,,resa,3,Mora
22,2011–2012,6,2011-12-30,,resa,1,Sheffield
22,2011–2012,6,2011-12-30,,resa,2,Kuala Lumpur
22,2011–2012,6,2011-12-30,,resa,3,Ängelholm
22,2011–2012,7,2012-01-06,,resa,1,Bryssel
22,2011–2012,7,2012-01-06,,resa,2,New Delhi
22,2011–2012,7,2012-01-06,,resa,3,Filipstad
22,2011–2012,8,2012-01-13,,resa,1,Zürich
22,2011–2012,8,2012-01-13,,resa,2,Härnösand
22,2011–2012,8,2012-01-13,,resa,3,Auckland
22,2011–2012,9,2012-01-20,,resa,1,New York
22,2011–2012,9,2012-01-20,,resa,2,Piteå
22,2011–2012,9,2012-01-20,,resa,3,Sankt Petersburg
22,2011–2012,10,2012-01-27,,resa,1,Dublin
22,2011–2012,10,2012-01-27,,resa,2,Vasa
22,2011–2012,10,2012-01-27,,resa,3,Karlskrona
22,2011–2012,11,2012-02-03,,resa,1,Edinburgh
22,2011–2012,11,2012-02-03,,resa,2,Halmstad
22,2011–2012,11,2012-02-03,,resa,3,Phnom Penh
22,2011–2012,12,2012-02-10,,resa,1,Uddevalla
22,2011–2012,12,2012-02-10,,resa,2,Genua
22,2011–2012,12,2012-02-10,,resa,3,Cambridge
22,2011–2012,13,2012-02-17,,resa,1,Marseille
22,2011–2012,13,2012-02-17,,resa,2,Bollnäs
22,2011–2012,13,2012-02-17,,resa,3,Dar es Salaam
23,2012–2013,1,2012-11-23,,resa,1,Stockholm
23,2012–2013,1,2012-11-23,,resa,2,Paris
23,2012–2013,1,2012-11-23,,resa,3,Sarajevo
23,2012–2013,2,2012-11-30,,resa,1,Katrineholm
23,2012–2013,2,2012-11-30,,resa,2,Shanghai
23,2012–2013,2,2012-11-30,,resa,3,Montreux
23,2012–2013,3,2012-12-07,,resa,1,Toronto
23,2012–2013,3,2012-12-07,,resa,2,Tallinn
23,2012–2013,3,2012-12-07,,resa,3,Hudiksvall
23,2012–2013,4,2012-12-14,,resa,1,Washington
23,2012–2013,4,2012-12-14,,resa,2,Tammerfors
23,2012–2013,4,2012-12-14,,resa,3,Skanör-Falsterbo
23,2012–2013,5,2012-12-21,,resa,1,Växjö
23,2012–2013,5,2012-12-21,,resa,2,Mexico City
23,2012–2013,5,2012-12-21,,resa,3,Cannes
23,2012–2013,6,2012-12-28,,resa,1,Köpenhamn
23,2012–2013,6,2012-12-28,,resa,2,Kungälv
23,2012–2013,6,2012-12-28,,resa,3,Kairo
23,2012–2013,7,2013-01-04,,resa,1,Honolulu
23,2012–2013,7,2013-01-04,,resa,2,Nürnberg
23,2012–2013,7,2013-01-04,,resa,3,Nyköping
23,2012–2013,8,2013-01-11,,resa,1,Detroit
23,2012–2013,8,2013-01-11,,resa,2,Sofia
23,2012–2013,8,2013-01-11,,resa,3,Berlin
23,2012–2013,9,2013-01-18,,resa,1,Cardiff
23,2012–2013,9,2013-01-18,,resa,2,Gdańsk
23,2012–2013,9,2013-01-18,,resa,3,Visby
23,2012–2013,10,2013-01-25,,resa,1,Palma de Mallorca
23,2012–2013,10,2013-01-25,,resa,2,Lidköping
23,2012–2013,10,2013-01-25,,resa,3,Los Angeles
23,2012–2013,11,2013-02-01,,resa,1,Oxford
23,2012–2013,11,2013-02-01,,resa,2,Rom
23,2012–2013,11,2013-02-01,,resa,3,Västerås
23,2012–2013,12,2013-02-08,,resa,1,Boden
23,2012–2013,12,2013-02-08,,resa,2,Bremen
23,2012–2013,12,2013-02-08,,resa,3,Sölvesborg
23,2012–2013,13,2013-02-15,,resa,1,Verona
23,2012–2013,13,2013-02-15,,resa,2,Rättvik
23,2012–2013,13,2013-02-15,,resa,3,Philadelphia
24,2013–2014,1,2013-11-22,Gruppspel,resa,1,Houston
24,2013–2014,1,2013-11-22,Gruppspel,resa,2,Åre
24,2013–2014,1,2013-11-22,Gruppspel,resa,3,Luxemburg
24,2013–2014,2,2013-11-29,Gruppspel,resa,1,Lund
24,2013–2014,2,2013-11-29,Gruppspel,resa,2,Barcelona
24,2013–2014,2,2013-11-29,Gruppspel,resa,3,Boston
24,2013–2014,3,2013-12-06,Gruppspel,resa,1,London
24,2013–2014,3,2013-12-06,Gruppspel,resa,2,Gränna
24,2013–2014,3,2013-12-06,Gruppspel,resa,3,Anchorage
24,2013–2014,4,2013-12-13,Gruppspel,resa,1,Malmö
24,2013–2014,4,2013-12-13,Gruppspel,resa,2,Hamburg
24,2013–2014,4,2013-12-13,Gruppspel,resa,3,Santiago de Chile
24,2013–2014,5,2013-12-20,Gruppspel,resa,1,Västervik
24,2013–2014,5,2013-12-20,Gruppspel,resa,2,Bangkok
24,2013–2014,5,2013-12-20,Gruppspel,resa,3,Belfast
24,2013–2014,6,2013-12-27,Gruppspel,resa,1,Mölle
24,2013–2014,6,2013-12-27,Gruppspel,resa,2,Istanbul
24,2013–2014,6,2013-12-27,Gruppspel,resa,3,Lissabon
24,2013–2014,7,2014-01-03,Gruppspel,resa,1,San Diego
24,2013–2014,7,2014-01-03,Gruppspel,resa,2,Oslo
24,2013–2014,7,2014-01-03,Gruppspel,resa,3,Linköping
24,2013–2014,8,2014-01-10,Gruppspel,resa,1,Bristol
24,2013–2014,8,2014-01-10,Gruppspel,resa,2,Genève
24,2013–2014,8,2014-01-10,Gruppspel,resa,3,Karlstad
24,2013–2014,9,2014-01-17,Gruppspel,resa,1,Rhodos
24,2013–2014,9,2014-01-17,Gruppspel,resa,2,Addis Abeba
24,2013–2014,9,2014-01-17,Gruppspel,resa,3,Göteborg
24,2013–2014,10,2014-01-24,Kvartsfinal,resa,1,Moskva
24,2013–2014,10,2014-01-24,Kvartsfinal,resa,2,Ystad
24,2013–2014,10,2014-01-24,Kvartsfinal,resa,3,San José
24,2013–2014,11,2014-01-31,Semifinal,resa,1,Hastings
24,2013–2014,11,2014-01-31,Semifinal,resa,2,Umeå
24,2013–2014,11,2014-01-31,Semifinal,resa,3,São Paulo
24,2013–2014,12,2014-02-07,Semifinal,resa,1,Kalmar
24,2013–2014,12,2014-02-07,Semifinal,resa,2,Dubrovnik
24,2013–2014,12,2014-02-07,Semifinal,resa,3,Atlanta
24,2013–2014,13,2014-02-14,Final,resa,1,Norrköping
24,2013–2014,13,2014-02-14,Final,resa,2,Beirut
24,2013–2014,13,2014-02-14,Final,resa,3,Turin
25,2014–2015,1,2014-11-28,Gruppspel,resa,1,Chicago
25,2014–2015,1,2014-11-28,Gruppspel,resa,2,Ullared
25,2014–2015,1,2014-11-28,Gruppspel,resa,3,Bath
25,2014–2015,2,2014-12-05,Gruppspel,resa,1,Seoul
25,2014–2015,2,2014-12-05,Gruppspel,resa,2,Helsingfors
25,2014–2015,2,2014-12-05,Gruppspel,resa,3,Landskrona
25,2014–2015,3,2014-12-12,Gruppspel,resa,1,Nottingham
25,2014–2015,3,2014-12-12,Gruppspel,resa,2,Skövde
25,2014–2015,3,2014-12-12,Gruppspel,resa,3,New York
25,2014–2015,4,2014-12-19,Gruppspel,resa,1,Austin
25,2014–2015,4,2014-12-19,Gruppspel,resa,2,Düsseldorf
25,2014–2015,4,2014-12-19,Gruppspel,resa,3,Jönköping
25,2014–2015,5,2014-12-26,Gruppspel,resa,1,Trollhättan
25,2014–2015,5,2014-12-26,Gruppspel,resa,2,Madrid
25,2014–2015,5,2014-12-26,Gruppspel,resa,3,Tokyo
25,2014–2015,6,2015-01-02,Gruppspel,resa,1,Prag
25,2014–2015,6,2015-01-02,Gruppspel,resa,2,Sundsvall
25,2014–2015,6,2015-01-02,Gruppspel,resa,3,Gibraltar
25,2014–2015,7,2015-01-09,Gruppspel,resa,1,Roskilde
25,2014–2015,7,2015-01-09,Gruppspel,resa,2,Kabul
25,2014–2015,7,2015-01-09,Gruppspel,resa,3,Gävle
25,2014–2015,8,2015-01-16,Gruppspel,resa,1,Rio de Janeiro
25,2014–2015,8,2015-01-16,Gruppspel,resa,2,Helsingborg
25,2014–2015,8,2015-01-16,Gruppspel,resa,3,Leeds
25,2014–2015,9,2015-01-23,Gruppspel,resa,1,Milwaukee
25,2014–2015,9,2015-01-23,Gruppspel,resa,2,Lillehammer
25,2014–2015,9,2015-01-23,Gruppspel,resa,3,Nairobi
25,2014–2015,10,2015-01-30,Kvartsfinal,resa,1,Tel Aviv
25,2014–2015,10,2015-01-30,Kvartsfinal,resa,2,Skellefteå
25,2014–2015,10,2015-01-30,Kvartsfinal,resa,3,Liverpool
25,2014–2015,11,2015-02-06,Semifinal,resa,1,Borlänge
25,2014–2015,11,2015-02-06,Semifinal,resa,2,Havanna
25,2014–2015,11,2015-02-06,Semifinal,resa,3,Stockholm
25,2014–2015,12,2015-02-13,Semifinal,resa,1,Orlando
25,2014–2015,12,2015-02-13,Semifinal,resa,2,Phuket
25,2014–2015,12,2015-02-13,Semifinal,resa,3,Casablanca
25,2014–2015,13,2015-02-20,Final,resa,1,Warszawa
25,2014–2015,13,2015-02-20,Final,resa,2,Alingsås
25,2014–2015,13,2015-02-20,Final,resa,3,Amsterdam
26,2015–2016,1,2015-11-20,Gruppspel,resa,1,Sydney
26,2015–2016,1,2015-11-20,Gruppspel,resa,2,Torekov
26,2015–2016,1,2015-11-20,Gruppspel,resa,3,Köpenhamn
26,2015–2016,2,2015-11-27,Gruppspel,resa,1,Paris
26,2015–2016,2,2015-11-27,Gruppspel,resa,2,Luleå
26,2015–2016,2,2015-11-27,Gruppspel,resa,3,Hongkong
26,2015–2016,3,2015-12-04,Gruppspel,resa,1,Ankara
26,2015–2016,3,2015-12-04,Gruppspel,resa,2,Varberg
26,2015–2016,3,2015-12-04,Gruppspel,resa,3,Saint Louis
26,2015–2016,4,2015-12-11,Gruppspel,resa,1,San Francisco
26,2015–2016,4,2015-12-11,Gruppspel,resa,2,Sälen
26,2015–2016,4,2015-12-11,Gruppspel,resa,3,Belgrad
26,2015–2016,5,2015-12-18,Gruppspel,resa,1,Haag
26,2015–2016,5,2015-12-18,Gruppspel,resa,2,Buenos Aires
26,2015–2016,5,2015-12-18,Gruppspel,resa,3,Simrishamn
26,2015–2016,6,2015-12-25,Gruppspel,resa,1,Southampton
26,2015–2016,6,2015-12-25,Gruppspel,resa,2,Milano
26,2015–2016,6,2015-12-25,Gruppspel,resa,3,Falun
26,2015–2016,7,2016-01-01,Gruppspel,resa,1,Östersund
26,2015–2016,7,2016-01-01,Gruppspel,resa,2,Jakarta
26,2015–2016,7,2016-01-01,Gruppspel,resa,3,Visby
26,2015–2016,8,2016-01-08,Gruppspel,resa,1,Malmö
26,2015–2016,8,2016-01-08,Gruppspel,resa,2,Lausanne
26,2015–2016,8,2016-01-08,Gruppspel,resa,3,Abu Dhabi
26,2015–2016,9,2016-01-15,Gruppspel,resa,1,Valencia
26,2015–2016,9,2016-01-15,Gruppspel,resa,2,Parma
26,2015–2016,9,2016-01-15,Gruppspel,resa,3,Johannesburg
26,2015–2016,10,2016-01-22,Kvartsfinal,resa,1,Newcastle
26,2015–2016,10,2016-01-22,Kvartsfinal,resa,2,Gaborone
26,2015–2016,10,2016-01-22,Kvartsfinal,resa,3,Salzburg
26,2015–2016,11,2016-01-29,Semifinal,resa,1,Vetlanda
26,2015–2016,11,2016-01-29,Semifinal,resa,2,Helsingör
26,2015–2016,11,2016-01-29,Semifinal,resa,3,Key West
26,2015–2016,12,2016-02-05,Semifinal,resa,1,Wellington
26,2015–2016,12,2016-02-05,Semifinal,resa,2,Uppsala
26,2015–2016,12,2016-02-05,Semifinal,resa,3,La Paz
26,2015–2016,13,2016-02-12,Final,resa,1,Toulouse
26,2015–2016,13,2016-02-12,Final,resa,2,Andorra la Vella
26,2015–2016,13,2016-02-12,Final,resa,3,Nassau
27,2016–2017,1,2016-12-02,Gruppspel,resa,1,Monaco
27,2016–2017,1,2016-12-02,Gruppspel,resa,2,Strängnäs
27,2016–2017,1,2016-12-02,Gruppspel,resa,3,Montréal
27,2016–2017,2,2016-12-09,Gruppspel,resa,1,Oslo
27,2016–2017,2,2016-12-09,Gruppspel,resa,2,Arvika
27,2016–2017,2,2016-12-09,Gruppspel,resa,3,Tunis
27,2016–2017,3,2016-12-16,Gruppspel,resa,1,Narvik
27,2016–2017,3,2016-12-16,Gruppspel,resa,2,Sevilla
27,2016–2017,3,2016-12-16,Gruppspel,resa,3,Stenungsund
27,2016–2017,,2016-12-23,Julspecial,resa,1,Betlehem
27,2016–2017,,2016-12-23,Julspecial,resa,2,Sunne
27,2016–2017,,2016-12-23,Julspecial,resa,3,Las Palmas
27,2016–2017,,2016-12-23,Julspecial,resa,4,Rovaniemi
27,2016–2017,4,2016-12-30,Gruppspel,resa,1,Berlin
27,2016–2017,4,2016-12-30,Gruppspel,resa,2,Örnsköldsvik
27,2016–2017,4,2016-12-30,Gruppspel,resa,3,Budapest
27,2016–2017,5,2017-01-06,Gruppspel,resa,1,Glasgow
27,2016–2017,5,2017-01-06,Gruppspel,resa,2,Ulan Bator
27,2016–2017,5,2017-01-06,Gruppspel,resa,3,Halmstad
27,2016–2017,6,2017-01-13,Gruppspel,resa,1,Pretoria
27,2016–2017,6,2017-01-13,Gruppspel,resa,2,Strömstad
27,2016–2017,6,2017-01-13,Gruppspel,resa,3,Bombay
27,2016–2017,7,2017-01-20,Gruppspel,resa,1,Örebro
27,2016–2017,7,2017-01-20,Gruppspel,resa,2,Teheran
27,2016–2017,7,2017-01-20,Gruppspel,resa,3,Manchester
27,2016–2017,8,2017-01-27,Gruppspel,resa,1,Aten
27,2016–2017,8,2017-01-27,Gruppspel,resa,2,Bali
27,2016–2017,8,2017-01-27,Gruppspel,resa,3,Borås
27,2016–2017,9,2017-02-03,Gruppspel,resa,1,Gällivare
27,2016–2017,9,2017-02-03,Gruppspel,resa,2,Marbella
27,2016–2017,9,2017-02-03,Gruppspel,resa,3,Pittsburgh
27,2016–2017,10,2017-02-10,Kvartsfinal,resa,1,Bogotá
27,2016–2017,10,2017-02-10,Kvartsfinal,resa,2,Sandhamn
27,2016–2017,10,2017-02-10,Kvartsfinal,resa,3,Kuala Lumpur
27,2016–2017,11,2017-02-17,Semifinal,resa,1,Mexico City
27,2016–2017,11,2017-02-17,Semifinal,resa,2,Bratislava
27,2016–2017,11,2017-02-17,Semifinal,resa,3,Norrköping
27,2016–2017,12,2017-02-24,Semifinal,resa,1,Dublin
27,2016–2017,12,2017-02-24,Semifinal,resa,2,Torshamn
27,2016–2017,12,2017-02-24,Semifinal,resa,3,Canberra
27,2016–2017,13,2017-03-03,Final,resa,1,Las Vegas
27,2016–2017,13,2017-03-03,Final,resa,2,Pyongyang
27,2016–2017,13,2017-03-03,Final,resa,3,Pisa
28,2017–2018,1,2017-12-08,Gruppspel,resa,1,Lissabon
28,2017–2018,1,2017-12-08,Gruppspel,resa,2,Kalmar
28,2017–2018,1,2017-12-08,Gruppspel,resa,3,Dakar
28,2017–2018,2,2017-12-15,Gruppspel,resa,1,Västerås
28,2017–2018,2,2017-12-15,Gruppspel,resa,2,Phoenix
28,2017–2018,2,2017-12-15,Gruppspel,resa,3,Cork
28,2017–2018,3,2017-12-22,Gruppspel,resa,1,Edinburgh
28,2017–2018,3,2017-12-22,Gruppspel,resa,2,Wien
28,2017–2018,3,2017-12-22,Gruppspel,resa,3,Brisbane
28,2017–2018,4,2017-12-29,Gruppspel,resa,1,London
28,2017–2018,4,2017-12-29,Gruppspel,resa,2,Hanoi
28,2017–2018,4,2017-12-29,Gruppspel,resa,3,Hallsberg
28,2017–2018,5,2018-01-05,Gruppspel,resa,1,Nashville
28,2017–2018,5,2018-01-05,Gruppspel,resa,2,Strasbourg
28,2017–2018,5,2018-01-05,Gruppspel,resa,3,Köping
28,2017–2018,6,2018-01-12,Gruppspel,resa,1,Minsk
28,2017–2018,6,2018-01-12,Gruppspel,resa,2,Bagdad
28,2017–2018,6,2018-01-12,Gruppspel,resa,3,Alvesta
28,2017–2018,7,2018-01-19,Gruppspel,resa,1,Singapore
28,2017–2018,7,2018-01-19,Gruppspel,resa,2,Lund
28,2017–2018,7,2018-01-19,Gruppspel,resa,3,Göteborg
28,2017–2018,8,2018-01-26,Gruppspel,resa,1,Los Angeles
28,2017–2018,8,2018-01-26,Gruppspel,resa,2,Odense
28,2017–2018,8,2018-01-26,Gruppspel,resa,3,Nyköping
28,2017–2018,9,2018-02-02,Gruppspel,resa,1,Venedig
28,2017–2018,9,2018-02-02,Gruppspel,resa,2,Quito
28,2017–2018,9,2018-02-02,Gruppspel,resa,3,Kiruna
28,2017–2018,10,2018-02-09,Kvartsfinal,resa,1,München
28,2017–2018,10,2018-02-09,Kvartsfinal,resa,2,Taipei
28,2017–2018,10,2018-02-09,Kvartsfinal,resa,3,Trondheim
28,2017–2018,11,2018-02-16,Semifinal,resa,1,Rom
28,2017–2018,11,2018-02-16,Semifinal,resa,2,Vilnius
28,2017–2018,11,2018-02-16,Semifinal,resa,3,Pajala
28,2017–2018,12,2018-02-23,Semifinal,resa,1,Dresden
28,2017–2018,12,2018-02-23,Semifinal,resa,2,Reykjavik
28,2017–2018,12,2018-02-23,Semifinal,resa,3,Damaskus
28,2017–2018,13,2018-03-02,Final,resa,1,Kingston
28,2017–2018,13,2018-03-02,Final,resa,2,Karlshamn
28,2017–2018,13,2018-03-02,Final,resa,3,Istanbul
29,2018–2019,1,2018-11-30,Gruppspel,resa,1,Falkenberg
29,2018–2019,1,2018-11-30,Gruppspel,resa,2,Kraków
29,2018–2019,1,2018-11-30,Gruppspel,resa,3,New York
29,2018–2019,2,2018-12-07,Gruppspel,resa,1,Leipzig
29,2018–2019,2,2018-12-07,Gruppspel,resa,2,Nora
29,2018–2019,2,2018-12-07,Gruppspel,resa,3,Bologna
29,2018–2019,3,2018-12-14,Gruppspel,resa,1,Limerick
29,2018–2019,3,2018-12-14,Gruppspel,resa,2,Shanghai
29,2018–2019,3,2018-12-14,Gruppspel,resa,3,Stavanger
29,2018–2019,4,2018-12-21,Gruppspel,resa,1,Mariehamn
29,2018–2019,4,2018-12-21,Gruppspel,resa,2,Jokkmokk
29,2018–2019,4,2018-12-21,Gruppspel,resa,3,Mogadishu
29,2018–2019,5,2018-12-28,Gruppspel,resa,1,Uddevalla
29,2018–2019,5,2018-12-28,Gruppspel,resa,2,Baku
29,2018–2019,5,2018-12-28,Gruppspel,resa,3,Calcutta
29,2018–2019,6,2019-01-04,Gruppspel,resa,1,Tirana
29,2018–2019,6,2019-01-04,Gruppspel,resa,2,Ludvika
29,2018–2019,6,2019-01-04,Gruppspel,resa,3,Åbo
29,2018–2019,7,2019-01-11,Gruppspel,resa,1,Valparaíso
29,2018–2019,7,2019-01-11,Gruppspel,resa,2,Lidköping
29,2018–2019,7,2019-01-11,Gruppspel,resa,3,York
29,2018–2019,8,2019-01-18,Gruppspel,resa,1,Stockholm
29,2018–2019,8,2019-01-18,Gruppspel,resa,2,Korfu
29,2018–2019,8,2019-01-18,Gruppspel,resa,3,Islamabad
29,2018–2019,9,2019-01-25,Gruppspel,resa,1,Kairo
29,2018–2019,9,2019-01-25,Gruppspel,resa,2,Bangkok
29,2018–2019,9,2019-01-25,Gruppspel,resa,3,Höganäs
29,2018–2019,10,2019-02-01,Kvartsfinal,resa,1,New Orleans
29,2018–2019,10,2019-02-01,Kvartsfinal,resa,2,Córdoba
29,2018–2019,10,2019-02-01,Kvartsfinal,resa,3,Fagersta
29,2018–2019,11,2019-02-08,Semifinal,resa,1,Birmingham
29,2018–2019,11,2019-02-08,Semifinal,resa,2,Nasaret
29,2018–2019,11,2019-02-08,Semifinal,resa,3,Lyon
29,2018–2019,12,2019-02-15,Semifinal,resa,1,Aspen
29,2018–2019,12,2019-02-15,Semifinal,resa,2,Maputo
29,2018–2019,12,2019-02-15,Semifinal,resa,3,Paris
29,2018–2019,13,2019-02-22,Final,resa,1,Lima
29,2018–2019,13,2019-02-22,Final,resa,2,Boden
29,2018–2019,13,2019-02-22,Final,resa,3,Barcelona
30,2019–2020,1,2019-12-06,Gruppspel,resa,1,London
30,2019–2020,1,2019-12-06,Gruppspel,resa,2,Bilbao
30,2019–2020,1,2019-12-06,Gruppspel,resa,3,Eskilstuna
30,2019–2020,2,2019-12-13,Gruppspel,resa,1,Washington
30,2019–2020,2,2019-12-13,Gruppspel,resa,2,Syrakusa
30,2019–2020,2,2019-12-13,Gruppspel,resa,3,Ibiza
30,2019–2020,3,2019-12-20,Gruppspel,resa,1,Åmål
30,2019–2020,3,2019-12-20,Gruppspel,resa,2,Delhi
30,2019–2020,3,2019-12-20,Gruppspel,resa,3,Sankt Petersburg
30,2019–2020,4,2019-12-27,Gruppspel,resa,1,Umeå
30,2019–2020,4,2019-12-27,Gruppspel,resa,2,Garmisch-Partenkirchen
30,2019–2020,4,2019-12-27,Gruppspel,resa,3,Colombo
30,2019–2020,5,2020-01-03,Gruppspel,resa,1,Brasília
30,2019–2020,5,2020-01-03,Gruppspel,resa,2,Vadstena
30,2019–2020,5,2020-01-03,Gruppspel,resa,3,Bukarest
30,2019–2020,6,2020-01-10,Gruppspel,resa,1,Memphis
30,2019–2020,6,2020-01-10,Gruppspel,resa,2,Arvidsjaur
30,2019–2020,6,2020-01-10,Gruppspel,resa,3,Bryssel
30,2019–2020,7,2020-01-17,Gruppspel,resa,1,Karlstad
30,2019–2020,7,2020-01-17,Gruppspel,resa,2,Alexandria
30,2019–2020,7,2020-01-17,Gruppspel,resa,3,Rotterdam
30,2019–2020,8,2020-01-24,Gruppspel,resa,1,Ottawa
30,2019–2020,8,2020-01-24,Gruppspel,resa,2,Ljubljana
30,2019–2020,8,2020-01-24,Gruppspel,resa,3,Malmö
30,2019–2020,9,2020-01-31,Gruppspel,resa,1,Frankfurt am Main
30,2019–2020,9,2020-01-31,Gruppspel,resa,2,Ulricehamn
30,2019–2020,9,2020-01-31,Gruppspel,resa,3,Århus
30,2019–2020,10,2020-02-07,Kvartsfinal,resa,1,Puerto Rico
30,2019–2020,10,2020-02-07,Kvartsfinal,resa,2,Porto
30,2019–2020,10,2020-02-07,Kvartsfinal,resa,3,Växjö
30,2019–2020,11,2020-02-14,Semifinal,resa,1,Denver
30,2019–2020,11,2020-02-14,Semifinal,resa,2,Asunción
30,2019–2020,11,2020-02-14,Semifinal,resa,3,Uppsala
30,2019–2020,12,2020-02-21,Semifinal,resa,1,Helsingfors
30,2019–2020,12,2020-02-21,Semifinal,resa,2,Khartoum
30,2019–2020,12,2020-02-21,Semifinal,resa,3,Bordeaux
30,2019–2020,13,2020-02-28,Final,resa,1,Tel Aviv
30,2019–2020,13,2020-02-28,Final,resa,2,Vimmerby
30,2019–2020,13,2020-02-28,Final,resa,3,Miami
31,2020–2021,,2020-11-15,Sportspecial,resa,1,Norrköping
31,2020–2021,,2020-11-15,Sportspecial,resa,2,Trondheim
31,2020–2021,,2020-11-15,Sportspecial,resa,3,Turin
31,2020–2021,1,2020-11-27,Gruppspel,resa,1,Bergen
31,2020–2021,1,2020-11-27,Gruppspel,resa,2,Aten
31,2020–2021,1,2020-11-27,Gruppspel,resa,3,Baltimore
31,2020–2021,2,2020-12-04,Gruppspel,resa,1,Linköping
31,2020–2021,2,2020-12-04,Gruppspel,resa,2,Prag
31,2020–2021,2,2020-12-04,Gruppspel,resa,3,Manchester
31,2020–2021,3,2020-12-11,Gruppspel,resa,1,Borgholm
31,2020–2021,3,2020-12-11,Gruppspel,resa,2,Fiji
31,2020–2021,3,2020-12-11,Gruppspel,resa,3,Düsseldorf
31,2020–2021,4,2020-12-18,Gruppspel,resa,1,Ystad
31,2020–2021,4,2020-12-18,Gruppspel,resa,2,Marseille
31,2020–2021,4,2020-12-18,Gruppspel,resa,3,Amsterdam
31,2020–2021,5,2020-12-25,Gruppspel,resa,1,Montevideo
31,2020–2021,5,2020-12-25,Gruppspel,resa,2,Vänersborg
31,2020–2021,5,2020-12-25,Gruppspel,resa,3,Lausanne
31,2020–2021,6,2021-01-01,Gruppspel,resa,1,Sydney
31,2020–2021,6,2021-01-01,Gruppspel,resa,2,Oslo
31,2020–2021,6,2021-01-01,Gruppspel,resa,3,Hudiksvall
31,2020–2021,7,2021-01-08,Gruppspel,resa,1,Auckland
31,2020–2021,7,2021-01-08,Gruppspel,resa,2,Örebro
31,2020–2021,7,2021-01-08,Gruppspel,resa,3,Partille
31,2020–2021,8,2021-01-15,Gruppspel,resa,1,Liverpool
31,2020–2021,8,2021-01-15,Gruppspel,resa,2,Katmandu
31,2020–2021,8,2021-01-15,Gruppspel,resa,3,Kristinehamn
31,2020–2021,9,2021-01-22,Gruppspel,resa,1,Seattle
31,2020–2021,9,2021-01-22,Gruppspel,resa,2,Gnesta
31,2020–2021,9,2021-01-22,Gruppspel,resa,3,Kiev
31,2020–2021,10,2021-01-29,Andra chansen,resa,1,Chicago
31,2020–2021,10,2021-01-29,Andra chansen,resa,2,Järvsö
31,2020–2021,10,2021-01-29,Andra chansen,resa,3,Lagos
31,2020–2021,11,2021-02-05,Semifinal,resa,1,Glasgow
31,2020–2021,11,2021-02-05,Semifinal,resa,2,Kristianstad
31,2020–2021,11,2021-02-05,Semifinal,resa,3,Macao
31,2020–2021,12,2021-02-12,Semifinal,resa,1,Gävle
31,2020–2021,12,2021-02-12,Semifinal,resa,2,San Salvador
31,2020–2021,12,2021-02-12,Semifinal,resa,3,Toronto
31,2020–2021,13,2021-02-19,Final,resa,1,Honolulu
31,2020–2021,13,2021-02-19,Final,resa,2,Svalbard
31,2020–2021,13,2021-02-19,Final,resa,3,Gnosjö
32,2021–2022,1,2021-11-26,Gruppspel,resa,1,Avignon
32,2021–2022,1,2021-11-26,Gruppspel,resa,2,Seoul
32,2021–2022,1,2021-11-26,Gruppspel,resa,3,Degerfors
32,2021–2022,1,2021-11-26,Gruppspel,narmast_vinner,1,Dubai
32,2021–2022,2,2021-12-03,Gruppspel,resa,1,Piteå
32,2021–2022,2,2021-12-03,Gruppspel,resa,2,Capri
32,2021–2022,2,2021-12-03,Gruppspel,resa,3,Tokyo
32,2021–2022,2,2021-12-03,Gruppspel,narmast_vinner,1,Southampton
32,2021–2022,3,2021-12-10,Gruppspel,resa,1,Karlskrona
32,2021–2022,3,2021-12-10,Gruppspel,resa,2,Riga
32,2021–2022,3,2021-12-10,Gruppspel,resa,3,Tijuana
32,2021–2022,3,2021-12-10,Gruppspel,narmast_vinner,1,Åmål
32,2021–2022,4,2021-12-17,Gruppspel,resa,1,Los Angeles
32,2021–2022,4,2021-12-17,Gruppspel,resa,2,München
32,2021–2022,4,2021-12-17,Gruppspel,resa,3,Helsingborg
32,2021–2022,4,2021-12-17,Gruppspel,narmast_vinner,1,Machu Picchu
32,2021–2022,5,2021-12-31,Gruppspel,resa,1,Madrid
32,2021–2022,5,2021-12-31,Gruppspel,resa,2,Falköping
32,2021–2022,5,2021-12-31,Gruppspel,resa,3,Ankara
32,2021–2022,5,2021-12-31,Gruppspel,narmast_vinner,1,Times Square
32,2021–2022,6,2022-01-07,Gruppspel,resa,1,Berlin
32,2021–2022,6,2022-01-07,Gruppspel,resa,2,Havanna
32,2021–2022,6,2022-01-07,Gruppspel,resa,3,Östersund
32,2021–2022,6,2022-01-07,Gruppspel,narmast_vinner,1,Baku
32,2021–2022,7,2022-01-14,Gruppspel,resa,1,Alingsås
32,2021–2022,7,2022-01-14,Gruppspel,resa,2,Kampala
32,2021–2022,7,2022-01-14,Gruppspel,resa,3,Brighton
32,2021–2022,7,2022-01-14,Gruppspel,narmast_vinner,1,Malung
32,2021–2022,8,2022-01-21,Gruppspel,resa,1,Boston
32,2021–2022,8,2022-01-21,Gruppspel,resa,2,Neapel
32,2021–2022,8,2022-01-21,Gruppspel,resa,3,Åre
32,2021–2022,8,2022-01-21,Gruppspel,narmast_vinner,1,Sydney
32,2021–2022,9,2022-01-28,Gruppspel,resa,1,Johannesburg
32,2021–2022,9,2022-01-28,Gruppspel,resa,2,Båstad
32,2021–2022,9,2022-01-28,Gruppspel,resa,3,Budapest
32,2021–2022,9,2022-01-28,Gruppspel,narmast_vinner,1,Washington
32,2021–2022,10,2022-02-04,Andra chansen,resa,1,Haparanda
32,2021–2022,10,2022-02-04,Andra chansen,resa,2,Edinburgh
32,2021–2022,10,2022-02-04,Andra chansen,resa,3,San Francisco
32,2021–2022,10,2022-02-04,Andra chansen,narmast_vinner,1,Mount Everest
32,2021–2022,11,2022-02-11,Semifinal,resa,1,Moskva
32,2021–2022,11,2022-02-11,Semifinal,resa,2,Christchurch
32,2021–2022,11,2022-02-11,Semifinal,resa,3,Halmstad
32,2021–2022,11,2022-02-11,Semifinal,narmast_vinner,1,Casablanca
32,2021–2022,12,2022-02-18,Semifinal,resa,1,Göteborg
32,2021–2022,12,2022-02-18,Semifinal,resa,2,Tbilisi
32,2021–2022,12,2022-02-18,Semifinal,resa,3,Dublin
32,2021–2022,12,2022-02-18,Semifinal,narmast_vinner,1,Konungarnas dal
32,2021–2022,13,2022-02-25,Final,resa,1,Minneapolis
32,2021–2022,13,2022-02-25,Final,resa,2,Visby
32,2021–2022,13,2022-02-25,Final,resa,3,Köpenhamn
32,2021–2022,13,2022-02-25,Final,narmast_vinner,1,Graceland
33,2022–2023,1,2022-11-18,Gruppspel,resa,1,Nicosia
33,2022–2023,1,2022-11-18,Gruppspel,resa,2,Fjällbacka
33,2022–2023,1,2022-11-18,Gruppspel,resa,3,Indianapolis
33,2022–2023,1,2022-11-18,Gruppspel,narmast_vinner,1,Amsterdam
33,2022–2023,2,2022-11-26,Gruppspel,resa,1,Luleå
33,2022–2023,2,2022-11-26,Gruppspel,resa,2,Bombay
33,2022–2023,2,2022-11-26,Gruppspel,resa,3,Cardiff
33,2022–2023,2,2022-11-26,Gruppspel,narmast_vinner,1,Jukkasjärvi
33,2022–2023,3,2022-12-02,Gruppspel,resa,1,Darwin
33,2022–2023,3,2022-12-02,Gruppspel,resa,2,Dubrovnik
33,2022–2023,3,2022-12-02,Gruppspel,resa,3,Västervik
33,2022–2023,3,2022-12-02,Gruppspel,narmast_vinner,1,Petra
33,2022–2023,4,2022-12-16,Gruppspel,resa,1,Toulouse
33,2022–2023,4,2022-12-16,Gruppspel,resa,2,Sigtuna
33,2022–2023,4,2022-12-16,Gruppspel,resa,3,Philadelphia
33,2022–2023,4,2022-12-16,Gruppspel,narmast_vinner,1,Woodstockfestivalen
33,2022–2023,5,2022-12-23,Gruppspel,resa,1,Roskilde
33,2022–2023,5,2022-12-23,Gruppspel,resa,2,Kivik
33,2022–2023,5,2022-12-23,Gruppspel,resa,3,Detroit
33,2022–2023,5,2022-12-23,Gruppspel,narmast_vinner,1,Gävle
33,2022–2023,6,2022-12-30,Gruppspel,resa,1,Sundsvall
33,2022–2023,6,2022-12-30,Gruppspel,resa,2,Kyoto
33,2022–2023,6,2022-12-30,Gruppspel,resa,3,Palma
33,2022–2023,6,2022-12-30,Gruppspel,narmast_vinner,1,Pompeji
33,2022–2023,7,2023-01-06,Gruppspel,resa,1,Kapstaden
33,2022–2023,7,2023-01-06,Gruppspel,resa,2,Tammerfors
33,2022–2023,7,2023-01-06,Gruppspel,resa,3,Skellefteå
33,2022–2023,7,2023-01-06,Gruppspel,narmast_vinner,1,Acapulco
33,2022–2023,8,2023-01-13,Gruppspel,resa,1,Jakarta
33,2022–2023,8,2023-01-13,Gruppspel,resa,2,Trelleborg
33,2022–2023,8,2023-01-13,Gruppspel,resa,3,Oxford
33,2022–2023,8,2023-01-13,Gruppspel,narmast_vinner,1,Waterloo
33,2022–2023,9,2023-01-20,Gruppspel,resa,1,Hamburg
33,2022–2023,9,2023-01-20,Gruppspel,resa,2,Abisko
33,2022–2023,9,2023-01-20,Gruppspel,resa,3,Portland
33,2022–2023,9,2023-01-20,Gruppspel,narmast_vinner,1,Norje
33,2022–2023,10,2023-01-27,Andra chansen,resa,1,Buenos Aires
33,2022–2023,10,2023-01-27,Andra chansen,resa,2,Motala
33,2022–2023,10,2023-01-27,Andra chansen,resa,3,Zürich
33,2022–2023,10,2023-01-27,Andra chansen,narmast_vinner,1,Niagarafallen
33,2022–2023,11,2023-02-03,Semifinal,resa,1,Trollhättan
33,2022–2023,11,2023-02-03,Semifinal,resa,2,Tallinn
33,2022–2023,11,2023-02-03,Semifinal,resa,3,Casablanca
33,2022–2023,11,2023-02-03,Semifinal,narmast_vinner,1,Rio de Janeiro
33,2022–2023,12,2023-02-10,Semifinal,resa,1,Stockholm
33,2022–2023,12,2023-02-10,Semifinal,resa,2,Warszawa
33,2022–2023,12,2023-02-10,Semifinal,resa,3,Vancouver
33,2022–2023,12,2023-02-10,Semifinal,narmast_vinner,1,Umeå
33,2022–2023,13,2023-02-17,Final,resa,1,Mora
33,2022–2023,13,2023-02-17,Final,resa,2,Santiago
33,2022–2023,13,2023-02-17,Final,resa,3,Florens
33,2022–2023,13,2023-02-17,Final,narmast_vinner,1,Peking
34,2023–2024,1,2023-11-03,Gruppspel,resa,1,Las Vegas
34,2023–2024,1,2023-11-03,Gruppspel,resa,2,Mariefred
34,2023–2024,1,2023-11-03,Gruppspel,resa,3,Palermo
34,2023–2024,1,2023-11-03,Gruppspel,narmast_vinner,1,Taj Mahal
34,2023–2024,2,2023-11-10,Gruppspel,resa,1,Nice
34,2023–2024,2,2023-11-10,Gruppspel,resa,2,Örnsköldsvik
34,2023–2024,2,2023-11-10,Gruppspel,resa,3,Bogotá
34,2023–2024,2,2023-11-10,Gruppspel,narmast_vinner,1,Nashville
34,2023–2024,3,2023-11-17,Gruppspel,resa,1,Norrköping
34,2023–2024,3,2023-11-17,Gruppspel,resa,2,Dubai
34,2023–2024,3,2023-11-17,Gruppspel,resa,3,Newcastle
34,2023–2024,3,2023-11-17,Gruppspel,narmast_vinner,1,Pisa
34,2023–2024,4,2023-11-24,Gruppspel,resa,1,Nairobi
34,2023–2024,4,2023-11-24,Gruppspel,resa,2,Skövde
34,2023–2024,4,2023-11-24,Gruppspel,resa,3,Skopje
34,2023–2024,4,2023-11-24,Gruppspel,narmast_vinner,1,Cape Canaveral
34,2023–2024,5,2023-12-01,Gruppspel,resa,1,Bollnäs
34,2023–2024,5,2023-12-01,Gruppspel,resa,2,Tromsö
34,2023–2024,5,2023-12-01,Gruppspel,resa,3,Phuket
34,2023–2024,5,2023-12-01,Gruppspel,narmast_vinner,1,Stonehenge
34,2023–2024,6,2023-12-08,Gruppspel,resa,1,Hongkong
34,2023–2024,6,2023-12-08,Gruppspel,resa,2,Funchal
34,2023–2024,6,2023-12-08,Gruppspel,resa,3,Lysekil
34,2023–2024,6,2023-12-08,Gruppspel,narmast_vinner,1,Dalhalla
34,2023–2024,7,2023-12-15,Gruppspel,resa,1,Falun
34,2023–2024,7,2023-12-15,Gruppspel,resa,2,Peking
34,2023–2024,7,2023-12-15,Gruppspel,resa,3,Leeds
34,2023–2024,7,2023-12-15,Gruppspel,narmast_vinner,1,Tallinn
34,2023–2024,8,2023-12-22,Gruppspel,resa,1,Lund
34,2023–2024,8,2023-12-22,Gruppspel,resa,2,Vasa
34,2023–2024,8,2023-12-22,Gruppspel,resa,3,Ho Chi Minh-staden
34,2023–2024,8,2023-12-22,Gruppspel,narmast_vinner,1,Lillehammer
34,2023–2024,9,2023-12-29,Gruppspel,resa,1,Södertälje
34,2023–2024,9,2023-12-29,Gruppspel,resa,2,Muskat
34,2023–2024,9,2023-12-29,Gruppspel,resa,3,Ålborg
34,2023–2024,9,2023-12-29,Gruppspel,narmast_vinner,1,Slottet Bran
34,2023–2024,10,2024-01-05,Andra chansen,resa,1,Zagreb
34,2023–2024,10,2024-01-05,Andra chansen,resa,2,Wellington
34,2023–2024,10,2024-01-05,Andra chansen,resa,3,Jönköping
34,2023–2024,10,2024-01-05,Andra chansen,narmast_vinner,1,Moskva
34,2023–2024,11,2024-01-12,Semifinal,resa,1,La Paz
34,2023–2024,11,2024-01-12,Semifinal,resa,2,Varberg
34,2023–2024,11,2024-01-12,Semifinal,resa,3,Málaga
34,2023–2024,11,2024-01-12,Semifinal,narmast_vinner,1,Buenos Aires
34,2023–2024,12,2024-01-19,Semifinal,resa,1,Köln
34,2023–2024,12,2024-01-19,Semifinal,resa,2,Torsby
34,2023–2024,12,2024-01-19,Semifinal,resa,3,Zanzibar
34,2023–2024,12,2024-01-19,Semifinal,narmast_vinner,1,Mount Rushmore
34,2023–2024,13,2024-01-26,Final,resa,1,Istanbul
34,2023–2024,13,2024-01-26,Final,resa,2,Oskarshamn
34,2023–2024,13,2024-01-26,Final,resa,3,New York
34,2023–2024,13,2024-01-26,Final,narmast_vinner,1,Kinshasa
35,2024–2025,1,2024-11-01,Gruppspel,resa,1,Eksjö
35,2024–2025,1,2024-11-01,Gruppspel,resa,2,Barcelona
35,2024–2025,1,2024-11-01,Gruppspel,resa,3,Washington
35,2024–2025,1,2024-11-01,Gruppspel,narmast_vinner,1,Lützen
35,2024–2025,2,2024-11-08,Gruppspel,resa,1,Lund
35,2024–2025,2,2024-11-08,Gruppspel,resa,2,Thessaloniki
35,2024–2025,2,2024-11-08,Gruppspel,resa,3,Rio de Janeiro
35,2024–2025,2,2024-11-08,Gruppspel,narmast_vinner,1,Verona
35,2024–2025,3,2024-11-15,Gruppspel,resa,1,Atlanta
35,2024–2025,3,2024-11-15,Gruppspel,resa,2,Arboga
35,2024–2025,3,2024-11-15,Gruppspel,resa,3,Narvik
35,2024–2025,3,2024-11-15,Gruppspel,narmast_vinner,1,Solliden
35,2024–2025,4,2024-11-22,Gruppspel,resa,1,Delhi
35,2024–2025,4,2024-11-22,Gruppspel,resa,2,Lissabon
35,2024–2025,4,2024-11-22,Gruppspel,resa,3,Gällivare
35,2024–2025,4,2024-11-22,Gruppspel,narmast_vinner,1,Marianergraven
35,2024–2025,5,2024-11-29,Gruppspel,resa,1,Kairo
35,2024–2025,5,2024-11-29,Gruppspel,resa,2,Gdansk
35,2024–2025,5,2024-11-29,Gruppspel,resa,3,Strömstad
35,2024–2025,5,2024-11-29,Gruppspel,narmast_vinner,1,Las Vegas
35,2024–2025,6,2024-12-06,Gruppspel,resa,1,Uppsala
35,2024–2025,6,2024-12-06,Gruppspel,resa,2,Cancún
35,2024–2025,6,2024-12-06,Gruppspel,resa,3,Belfast
35,2024–2025,6,2024-12-06,Gruppspel,narmast_vinner,1,Brighton
35,2024–2025,7,2024-12-13,Gruppspel,resa,1,Hanoi
35,2024–2025,7,2024-12-13,Gruppspel,resa,2,Las Palmas
35,2024–2025,7,2024-12-13,Gruppspel,resa,3,Umeå
35,2024–2025,7,2024-12-13,Gruppspel,narmast_vinner,1,Älmhult
35,2024–2025,8,2024-12-20,Gruppspel,resa,1,Innsbruck
35,2024–2025,8,2024-12-20,Gruppspel,resa,2,Trosa
35,2024–2025,8,2024-12-20,Gruppspel,resa,3,Wuhan
35,2024–2025,8,2024-12-20,Gruppspel,narmast_vinner,1,Vitön
35,2024–2025,9,2024-12-27,Gruppspel,resa,1,Houston
35,2024–2025,9,2024-12-27,Gruppspel,resa,2,Sarajevo
35,2024–2025,9,2024-12-27,Gruppspel,resa,3,Kalmar
35,2024–2025,9,2024-12-27,Gruppspel,narmast_vinner,1,Angkor Wat
35,2024–2025,10,2025-01-03,Gruppspel,resa,1,London
35,2024–2025,10,2025-01-03,Gruppspel,resa,2,Maputo
35,2024–2025,10,2025-01-03,Gruppspel,resa,3,Gävle
35,2024–2025,10,2025-01-03,Gruppspel,narmast_vinner,1,New Orleans
35,2024–2025,11,2025-01-10,Gruppspel,resa,1,Reykjavik
35,2024–2025,11,2025-01-10,Gruppspel,resa,2,Sollefteå
35,2024–2025,11,2025-01-10,Gruppspel,resa,3,Panama City
35,2024–2025,11,2025-01-10,Gruppspel,narmast_vinner,1,Uluru
35,2024–2025,12,2025-01-17,Gruppspel,resa,1,Paris
35,2024–2025,12,2025-01-17,Gruppspel,resa,2,Mexico City
35,2024–2025,12,2025-01-17,Gruppspel,resa,3,Borlänge
35,2024–2025,12,2025-01-17,Gruppspel,narmast_vinner,1,Wimbledon
35,2024–2025,13,2025-01-24,Semifinal,resa,1,Malmö
35,2024–2025,13,2025-01-24,Semifinal,resa,2,Bangkok
35,2024–2025,13,2025-01-24,Semifinal,resa,3,Sheffield
35,2024–2025,13,2025-01-24,Semifinal,narmast_vinner,1,Lapporten
35,2024–2025,14,2025-01-31,Semifinal,resa,1,Göteborg
35,2024–2025,14,2025-01-31,Semifinal,resa,2,Skagen
35,2024–2025,14,2025-01-31,Semifinal,resa,3,Brisbane
35,2024–2025,14,2025-01-31,Semifinal,narmast_vinner,1,Bryssel
35,2024–2025,15,2025-02-07,Final,resa,1,Rom
35,2024–2025,15,2025-02-07,Final,resa,2,Vansbro
35,2024–2025,15,2025-02-07,Final,resa,3,Orlando
35,2024–2025,15,2025-02-07,Final,narmast_vinner,1,Kilimanjaro
36,2025–2026,1,2025-10-24,Gruppspel,resa,1,Borås
36,2025–2026,1,2025-10-24,Gruppspel,resa,2,Lima
36,2025–2026,1,2025-10-24,Gruppspel,resa,3,Manchester
36,2025–2026,1,2025-10-24,Gruppspel,narmast_vinner,1,Barcelona
36,2025–2026,1,2025-10-24,Gruppspel,narmast_vinner,2,Mora
36,2025–2026,1,2025-10-24,Gruppspel,narmast_vinner,3,Lakehurst
36,2025–2026,1,2025-10-24,Gruppspel,narmast_vinner,4,Fort Boyard
36,2025–2026,2,2025-10-31,Gruppspel,resa,1,Helsingfors
36,2025–2026,2,2025-10-31,Gruppspel,resa,2,Eslöv
36,2025–2026,2,2025-10-31,Gruppspel,resa,3,Sydney
36,2025–2026,2,2025-10-31,Gruppspel,narmast_vinner,1,Venedig
36,2025–2026,2,2025-10-31,Gruppspel,narmast_vinner,2,"Washington, D.C."
36,2025–2026,2,2025-10-31,Gruppspel,narmast_vinner,3,Mecka
36,2025–2026,3,2025-11-07,Gruppspel,resa,1,Helsingborg
36,2025–2026,3,2025-11-07,Gruppspel,resa,2,Bergen
36,2025–2026,3,2025-11-07,Gruppspel,resa,3,Marrakech
36,2025–2026,3,2025-11-07,Gruppspel,narmast_vinner,1,Rio de Janeiro
36,2025–2026,3,2025-11-07,Gruppspel,narmast_vinner,2,Helvetesporten
36,2025–2026,3,2025-11-07,Gruppspel,narmast_vinner,3,Skara
36,2025–2026,4,2025-11-14,Gruppspel,resa,1,Lyon
36,2025–2026,4,2025-11-14,Gruppspel,resa,2,Arjeplog
36,2025–2026,4,2025-11-14,Gruppspel,resa,3,Dakar
36,2025–2026,4,2025-11-14,Gruppspel,narmast_vinner,1,Hollywoodskylten
36,2025–2026,4,2025-11-14,Gruppspel,narmast_vinner,2,Bagdad
36,2025–2026,4,2025-11-14,Gruppspel,narmast_vinner,3,Arboga
36,2025–2026,4,2025-11-14,Gruppspel,narmast_vinner,4,"Blå moskén, Istanbul"
36,2025–2026,4,2025-11-14,Gruppspel,narmast_vinner,5,Nimis
36,2025–2026,5,2025-11-21,Gruppspel,resa,1,Tokyo
36,2025–2026,5,2025-11-21,Gruppspel,resa,2,Madrid
36,2025–2026,5,2025-11-21,Gruppspel,resa,3,Falkenberg
36,2025–2026,5,2025-11-21,Gruppspel,narmast_vinner,1,Pyramiderna
36,2025–2026,5,2025-11-21,Gruppspel,narmast_vinner,2,Preikestolen
36,2025–2026,5,2025-11-21,Gruppspel,narmast_vinner,3,Kungens kurva
36,2025–2026,6,2025-11-28,Gruppspel,resa,1,Karlstad
36,2025–2026,6,2025-11-28,Gruppspel,resa,2,Basel
36,2025–2026,6,2025-11-28,Gruppspel,resa,3,Miami
36,2025–2026,6,2025-11-28,Gruppspel,narmast_vinner,1,Parthenon
36,2025–2026,6,2025-11-28,Gruppspel,narmast_vinner,2,Omaha Beach
36,2025–2026,6,2025-11-28,Gruppspel,narmast_vinner,3,Kiruna kyrka
36,2025–2026,7,2025-12-05,Gruppspel,resa,1,Nyköping
36,2025–2026,7,2025-12-05,Gruppspel,resa,2,Bukarest
36,2025–2026,7,2025-12-05,Gruppspel,resa,3,Montreal
36,2025–2026,7,2025-12-05,Gruppspel,narmast_vinner,1,Pentagon
36,2025–2026,7,2025-12-05,Gruppspel,narmast_vinner,2,Titanic
36,2025–2026,7,2025-12-05,Gruppspel,narmast_vinner,3,Burj Khalifa
36,2025–2026,7,2025-12-05,Gruppspel,narmast_vinner,4,Uppsala domkyrka
36,2025–2026,8,2025-12-12,Gruppspel,resa,1,Shanghai
36,2025–2026,8,2025-12-12,Gruppspel,resa,2,Milano
36,2025–2026,8,2025-12-12,Gruppspel,resa,3,Malung
36,2025–2026,8,2025-12-12,Gruppspel,narmast_vinner,1,Himmelska fridens torg
36,2025–2026,8,2025-12-12,Gruppspel,narmast_vinner,2,Seattle
36,2025–2026,8,2025-12-12,Gruppspel,narmast_vinner,3,Palais des Festivals et des Congrès
36,2025–2026,8,2025-12-12,Gruppspel,narmast_vinner,4,Cannes
36,2025–2026,8,2025-12-12,Gruppspel,narmast_vinner,5,Avesta
36,2025–2026,9,2025-12-19,Gruppspel,resa,1,Värnamo
36,2025–2026,9,2025-12-19,Gruppspel,resa,2,Montevideo
36,2025–2026,9,2025-12-19,Gruppspel,resa,3,Amsterdam
36,2025–2026,9,2025-12-19,Gruppspel,narmast_vinner,1,Abbey Road
36,2025–2026,9,2025-12-19,Gruppspel,narmast_vinner,2,Terrakottarmén i Xi'an
36,2025–2026,9,2025-12-19,Gruppspel,narmast_vinner,3,Gävlebocken
36,2025–2026,10,2025-12-26,Gruppspel,resa,1,Västerås
36,2025–2026,10,2025-12-26,Gruppspel,resa,2,Sofia
36,2025–2026,10,2025-12-26,Gruppspel,resa,3,San Diego
36,2025–2026,10,2025-12-26,Gruppspel,narmast_vinner,1,Lutande tornet i Pisa
36,2025–2026,10,2025-12-26,Gruppspel,narmast_vinner,2,Påskön
36,2025–2026,10,2025-12-26,Gruppspel,narmast_vinner,3,Växjö
36,2025–2026,11,2026-01-02,Gruppspel,resa,1,Calcutta
36,2025–2026,11,2026-01-02,Gruppspel,resa,2,Kramfors
36,2025–2026,11,2026-01-02,Gruppspel,resa,3,Berlin
36,2025–2026,11,2026-01-02,Gruppspel,narmast_vinner,1,Louvren i Paris
36,2025–2026,11,2026-01-02,Gruppspel,narmast_vinner,2,Hoburgsgubben
36,2025–2026,11,2026-01-02,Gruppspel,narmast_vinner,3,Ön Iwo Jima i Japan
36,2025–2026,12,2026-01-09,Gruppspel,resa,1,Sölvesborg
36,2025–2026,12,2026-01-09,Gruppspel,resa,2,Auckland
36,2025–2026,12,2026-01-09,Gruppspel,resa,3,Dublin
36,2025–2026,12,2026-01-09,Gruppspel,narmast_vinner,1,Stonehenge
36,2025–2026,12,2026-01-09,Gruppspel,narmast_vinner,2,Trevifontänen i Rom
36,2025–2026,12,2026-01-09,Gruppspel,narmast_vinner,3,Mexico City
36,2025–2026,12,2026-01-09,Gruppspel,narmast_vinner,4,Mjölby
36,2025–2026,13,2026-01-16,Semifinal,resa,1,Lusaka
36,2025–2026,13,2026-01-16,Semifinal,resa,2,Aten
36,2025–2026,13,2026-01-16,Semifinal,resa,3,Söderhamn
36,2025–2026,13,2026-01-16,Semifinal,narmast_vinner,1,Oslo
36,2025–2026,13,2026-01-16,Semifinal,narmast_vinner,2,Moskva
36,2025–2026,13,2026-01-16,Semifinal,narmast_vinner,3,Tennessee
36,2025–2026,13,2026-01-16,Semifinal,narmast_vinner,4,Sundborn
36,2025–2026,13,2026-01-16,Semifinal,narmast_vinner,5,Berlin
36,2025–2026,14,2026-01-23,Semifinal,resa,1,Wien
36,2025–2026,14,2026-01-23,Semifinal,resa,2,Örebro
36,2025–2026,14,2026-01-23,Semifinal,resa,3,Chicago
36,2025–2026,14,2026-01-23,Semifinal,narmast_vinner,1,Kanarieöarna
36,2025–2026,14,2026-01-23,Semifinal,narmast_vinner,2,Suezkanalen
36,2025–2026,14,2026-01-23,Semifinal,narmast_vinner,3,Matterhorn
36,2025–2026,14,2026-01-23,Semifinal,narmast_vinner,4,Lusail Iconic Stadium
36,2025–2026,14,2026-01-23,Semifinal,narmast_vinner,5,Qatar
36,2025–2026,15,2026-01-30,Final,resa,1,Stockholm
36,2025–2026,15,2026-01-30,Final,resa,2,San Marino
36,2025–2026,15,2026-01-30,Final,resa,3,Nuuk
36,2025–2026,15,2026-01-30,Final,narmast_vinner,1,München
36,2025–2026,15,2026-01-30,Final,narmast_vinner,2,Petra
36,2025–2026,15,2026-01-30,Final,narmast_vinner,3,Tengah
36,2025–2026,15,2026-01-30,Final,narmast_vinner,4,Båstad
37,2026,1,2026-09-18,Gruppspel,resa,1,Boston
37,2026,1,2026-09-18,Gruppspel,resa,2,Skara
37,2026,1,2026-09-18,Gruppspel,resa,3,Oslo
37,2026,1,2026-09-18,Gruppspel,narmast_vinner,1,Seoul
37,2026,1,2026-09-18,Gruppspel,narmast_vinner,2,Zagreb
37,2026,1,2026-09-18,Gruppspel,narmast_vinner,3,Brasília
37,2026,1,2026-09-18,Gruppspel,narmast_vinner,4,Abuja
37,2026,1,2026-09-18,Gruppspel,narmast_vinner,5,Rabat
37,2026,2,2026-09-25,Gruppspel,resa,1,Östersund
37,2026,2,2026-09-25,Gruppspel,resa,2,Porto
37,2026,2,2026-09-25,Gruppspel,resa,3,Amman
37,2026,2,2026-09-25,Gruppspel,narmast_vinner,1,Peking
37,2026,2,2026-09-25,Gruppspel,narmast_vinner,2,New Delhi
37,2026,2,2026-09-25,Gruppspel,narmast_vinner,3,Pyonyang
37,2026,2,2026-09-25,Gruppspel,narmast_vinner,4,Kiev
37,2026,2,2026-09-25,Gruppspel,narmast_vinner,5,Ankara
